"ID","Player","Team","Position","RkOv","Status","Opponent","FPts","FP/G","Ros","+/-"
"*05gcr*","Bruno Fernandes","MUN","M","1","FA","@HUL Sat 7:30AM","713","20.37","0%","0%"
"*061vq*","Erling Haaland","MCI","F","2","FA","BOU Sun 9:00AM","599","17.11","0%","0%"
"*068y0*","Antoine Semenyo","MCI","F","3","FA","BOU Sun 9:00AM","562","15.19","0%","0%"
"*04agz*","Declan Rice","ARS","M","4","FA","COV Fri 3:00PM","544.5","15.12","0%","0%"
"*04spw*","James Garner","EVE","M","5","FA","CRY Sat 10:00AM","544","14.32","0%","0%"
"*05opj*","Elliot Anderson","MCI","M","6","FA","BOU Sun 9:00AM","529.5","13.93","0%","0%"
"*06mn0*","Igor Thiago","BRF","F","7","FA","TOT Sat 12:30PM","525","13.82","0%","0%"
"*06cmm*","Dominik Szoboszlai","LIV","M","8","FA","@NEW Sun 11:30AM","505","14.03","0%","0%"
"*04y92*","Bukayo Saka","ARS","M","9","FA","COV Fri 3:00PM","500.5","16.15","0%","0%"
"*04qr9*","Morgan Gibbs-White","NOT","M","10","FA","LEE Sat 10:00AM","476","12.86","0%","0%"
"*05g2o*","Joao Pedro","CHE","F","11","FA","@FUL Mon 3:00PM","463.5","13.24","0%","0%"
"*05a6e*","Neco Williams","NOT","D","12","FA","LEE Sat 10:00AM","460.5","12.45","0%","0%"
"*0642l*","Casemiro","MUN","M","13","FA","@HUL Sat 7:30AM","451","13.26","0%","0%"
"*06v0p*","Enzo Le Fee","SUN","M","14","FA","@IPS Sat 10:00AM","450","12.5","0%","0%"
"*06uyc*","Adrien Truffert","BOU","D","15","FA","@MCI Sun 9:00AM","445","11.71","0%","0%"
"*068ym*","Enzo Fernandez","CHE","M","16","FA","@FUL Mon 3:00PM","437","12.14","0%","0%"
"*06c6g*","Yankuba Minteh","BHA","M","17","FA","AVL Sun 9:00AM","436","12.82","0%","0%"
"*06zbx*","Anton Stach","LEE","M","18","FA","@NOT Sat 10:00AM","432.5","14.91","0%","0%"
"*05uht*","Morgan Rogers","AVL","M","19","FA","@BHA Sun 9:00AM","424","11.46","0%","0%"
"*063e7*","Marcos Senesi","TOT","D","20","FA","@BRF Sat 12:30PM","423.5","11.45","0%","0%"
"*067yz*","Matheus Cunha","MUN","F","21","FA","@HUL Sat 7:30AM","420.5","12.74","0%","0%"
"*06fup*","Jeremy Doku","MCI","M","22","FA","BOU Sun 9:00AM","420","14","0%","0%"
"*0639x*","Marcus Tavernier","BOU","M","23","FA","@MCI Sun 9:00AM","414.5","12.19","0%","0%"
"*05ylj*","Bruno Guimaraes","NEW","M","24","FA","LIV Sun 11:30AM","409.5","14.12","0%","0%"
"*06pe1*","Mateus Goncalo Espanha Fernandes","TOT","M","25","FA","@BRF Sat 12:30PM","409","11.36","0%","0%"
"*050jq*","Marc Guehi","MCI","D","26","FA","BOU Sun 9:00AM","409","11.69","0%","0%"
"*067yv*","Cody Gakpo","LIV","F","27","FA","@NEW Sun 11:30AM","407.5","11.32","0%","0%"
"*05n07*","Pedro Porro","TOT","D","28","FA","@BRF Sat 12:30PM","406.5","11.96","0%","0%"
"*0427d*","James Tarkowski","EVE","D","29","FA","CRY Sat 10:00AM","405","10.95","0%","0%"
"*03rxs*","Harry Wilson","LEE","M","30","FA","@NOT Sat 10:00AM","402","11.17","0%","0%"
"*06v07*","Rayan Cherki","MCI","M","31","FA","BOU Sun 9:00AM","400.5","12.14","0%","0%"
"*05ocl*","Ollie Watkins","AVL","F","32","FA","@BHA Sun 9:00AM","400.5","10.82","0%","0%"
"*06fxe*","Ryan Gravenberch","LIV","M","33","FA","@NEW Sun 11:30AM","397.5","11.04","0%","0%"
"*05akv*","Tyrick Mitchell","CRY","D","34","FA","@EVE Sat 10:00AM","391","10.29","0%","0%"
"*05r94*","Iliman Ndiaye","EVE","M","35","FA","CRY Sat 10:00AM","386.5","12.08","0%","0%"
"*067x8*","Nico O'Reilly","MCI","D","36","FA","BOU Sun 9:00AM","380.5","11.19","0%","0%"
"*06v21*","Florian Wirtz","LIV","M","37","FA","@NEW Sun 11:30AM","380","11.52","0%","0%"
"*05trb*","Bryan Mbeumo","MUN","F","38","FA","@HUL Sat 7:30AM","379.5","11.5","0%","0%"
"*0703c*","Nordi Mukiele","SUN","D","39","FA","@IPS Sat 10:00AM","378","11.81","0%","0%"
"*06rgg*","Michael Kayode","BRF","D","40","FA","TOT Sat 12:30PM","377.5","10.2","0%","0%"
"*067zv*","Kevin Schade","BRF","F","41","FA","TOT Sat 12:30PM","377.5","10.79","0%","0%"
"*049tq*","Dominic Calvert-Lewin","LEE","F","42","FA","@NOT Sat 10:00AM","374","10.69","0%","0%"
"*063zi*","Matheus Nunes","MCI","D","43","FA","BOU Sun 9:00AM","374","11","0%","0%"
"*06f8y*","Alex Scott","BOU","M","44","FA","@MCI Sun 9:00AM","371","10.03","0%","0%"
"*056iy*","Pedro Neto","CHE","F","45","FA","@FUL Mon 3:00PM","369","10.85","0%","0%"
"*06y9z*","Martin Zubimendi","ARS","M","46","FA","COV Fri 3:00PM","368.5","9.7","0%","0%"
"*05oh0*","Jan-Paul van Hecke","TOT","D","47","FA","@BRF Sat 12:30PM","367.5","10.21","0%","0%"
"*04abb*","Phil Foden","MCI","M","48","FA","BOU Sun 9:00AM","362.5","10.98","0%","0%"
"*05nzu*","Gabriel Magalhaes","ARS","D","49","FA","COV Fri 3:00PM","360","11.25","0%","0%"
"*03vlj*","Virgil van Dijk","LIV","D","50","FA","@NEW Sun 11:30AM","359.5","9.46","0%","0%"
"*06jgi*","Daniel Munoz","CRY","D","51","FA","@EVE Sat 10:00AM","357","12.31","0%","0%"
"*05gcc*","Kiernan Dewsbury-Hall","EVE","M","52","FA","CRY Sat 10:00AM","355","11.45","0%","0%"
"*04lav*","Ethan Ampadu","LEE","M","53","FA","@NOT Sat 10:00AM","351.5","10.04","0%","0%"
"*068lx*","Dango Ouattara","BRF","M","54","FA","TOT Sat 12:30PM","348.5","10.89","0%","0%"
"*06dmj*","Jurrien Timber","ARS","D","55","FA","COV Fri 3:00PM","346.5","11.55","0%","0%"
"*04qrc*","Raul Jimenez","FUL","F","56","FA","CHE Mon 3:00PM","346","9.61","0%","0%"
"*0435m*","Granit Xhaka","SUN","M","57","FA","@IPS Sat 10:00AM","344","10.12","0%","0%"
"*061vk*","Jaidon Anthony","BRF","M","58","FA","TOT Sat 12:30PM","341.5","9.23","0%","-"
"*06pia*","Maxence Lacroix","CRY","D","59","FA","@EVE Sat 10:00AM","336","9.6","0%","0%"
"*063q8*","Mikkel Damsgaard","BRF","M","60","FA","TOT Sat 12:30PM","335.5","10.17","0%","0%"
"*05r34*","Amad Diallo","MUN","M","61","FA","@HUL Sat 7:30AM","332","10.38","0%","0%"
"*061vp*","Brenden Aaronson","LEE","M","62","FA","@NOT Sat 10:00AM","328.5","8.88","0%","0%"
"*0520r*","Leandro Trossard","ARS","M","63","FA","COV Fri 3:00PM","326.5","10.53","0%","0%"
"*06jgs*","Adam Wharton","CRY","M","64","FA","@EVE Sat 10:00AM","324.5","9.54","0%","0%"
"*05w9i*","Marc Cucurella","CHE","D","65","FA","@FUL Mon 3:00PM","322.5","9.49","0%","0%"
"*0700p*","Malick Thiaw","NEW","D","66","FA","LIV Sun 11:30AM","322.5","9.21","0%","0%"
"*04io4*","Richarlison","TOT","F","67","FA","@BRF Sat 12:30PM","322.5","10.08","0%","0%"
"*04fk6*","Bernardo Silva","MCI","M","68","FA","BOU Sun 9:00AM","321","8.45","0%","0%"
"*06r5b*","Diego Gomez","BHA","M","69","FA","AVL Sun 9:00AM","320.5","10.02","0%","0%"
"*051k7*","Reece James","CHE","D","70","FA","@FUL Mon 3:00PM","319.5","11.02","0%","0%"
"*03aqp*","Mohamed Salah","LIV","F","71","FA","@NEW Sun 11:30AM","319.5","11.83","0%","0%"
"*062dt*","Joao Palhinha","TOT","M","72","FA","@BRF Sat 12:30PM","319","9.67","0%","0%"
"*06p6j*","Evanilson","BOU","F","73","FA","@MCI Sun 9:00AM","319","8.86","0%","0%"
"*06v0g*","Trai Hume","SUN","D","74","FA","@IPS Sat 10:00AM","317.5","8.36","0%","0%"
"*04qfz*","Diogo Dalot","MUN","D","75","FA","@HUL Sat 7:30AM","314","9.24","0%","0%"
"*02lnx*","Danny Welbeck","BHA","F","76","FA","AVL Sun 9:00AM","313","8.46","0%","0%"
"*02oq6*","Luke Shaw","MUN","D","77","FA","@HUL Sat 7:30AM","312.5","8.22","0%","0%"
"*0635j*","Chris Richards","CRY","D","78","FA","@EVE Sat 10:00AM","309","9.36","0%","0%"
"*05rb8*","Moises Caicedo","CHE","M","79","FA","@FUL Mon 3:00PM","308","9.33","0%","0%"
"*06zbz*","Hugo Ekitike","LIV","F","80","FA","@NEW Sun 11:30AM","308","11","0%","0%"
"*05o4b*","Matty Cash","AVL","D","81","FA","@BHA Sun 9:00AM","306.5","8.76","0%","0%"
"*04tsb*","Viktor Gyokeres","ARS","F","82","FA","COV Fri 3:00PM","306.5","8.51","0%","0%"
"*06phe*","Ferdi Kadioglu","BHA","D","83","FA","AVL Sun 9:00AM","301.5","8.15","0%","0%"
"*06znb*","Robin Roefs","SUN","G","84","FA","@IPS Sat 10:00AM","299.25","8.55","0%","0%"
"*05r8o*","Jean-Philippe Mateta","CRY","F","85","FA","@EVE Sat 10:00AM","296","9.25","0%","0%"
"*051k0*","John McGinn","AVL","M","86","FA","@BHA Sun 9:00AM","291","9.7","0%","0%"
"*062oh*","Jake O'Brien","EVE","D","87","FA","CRY Sat 10:00AM","291","7.86","0%","0%"
"*0700t*","Omar Alderete","SUN","D","88","FA","@IPS Sat 10:00AM","290.5","8.8","0%","0%"
"*06xza*","Eli Kroupi","BOU","F","89","FA","@MCI Sun 9:00AM","290.5","8.8","0%","0%"
"*038ze*","Alex Iwobi","FUL","M","90","FA","CHE Mon 3:00PM","290","10","0%","0%"
"*05o8o*","Jayden Bogle","LEE","D","91","FA","@NOT Sat 10:00AM","289.5","8.51","0%","0%"
"*06y9o*","Igor Jesus","NOT","F","92","FA","LEE Sat 10:00AM","289","7.81","0%","0%"
"*05nt6*","Eberechi Eze","ARS","M","93","FA","COV Fri 3:00PM","287","8.7","0%","0%"
"*0327r*","Michael Keane","EVE","D","94","FA","CRY Sat 10:00AM","285.5","8.65","0%","0%"
"*05u1m*","Nathan Collins","BRF","D","95","FA","TOT Sat 12:30PM","284.5","8.13","0%","0%"
"*05tqx*","David Raya","ARS","G","96","FA","COV Fri 3:00PM","284.25","7.68","0%","0%"
"*05tr9*","Mathias Jensen","BRF","M","97","FA","TOT Sat 12:30PM","284","7.89","0%","0%"
"*045ob*","Caoimhin Kelleher","BRF","G","98","FA","TOT Sat 12:30PM","283.75","7.67","0%","0%"
"*05u7f*","Ibrahima Konate","LIV","D","99","FA","@NEW Sun 11:30AM","280","7.78","0%","0%"
"*06rlj*","Patrick Dorgu","MUN","D","100","FA","@HUL Sat 7:30AM","278","10.69","0%","0%"
"*066r9*","Ehor Yarmolyuk","BRF","M","101","FA","TOT Sat 12:30PM","277.5","7.5","0%","0%"
"*04mdn*","Anthony Gordon","NEW","F","102","FA","LIV Sun 11:30AM","276.5","10.63","0%","0%"
"*070cj*","Noah Okafor","LEE","F","103","FA","@NOT Sat 10:00AM","276","9.86","0%","0%"
"*0522h*","Alexis Mac Allister","LIV","M","104","FA","@NEW Sun 11:30AM","274","7.41","0%","0%"
"*070gu*","Alex Jimenez","BOU","D","105","FA","@MCI Sun 9:00AM","272.5","8.79","0%","0%"
"*05y9n*","Lewis Hall","NEW","D","106","FA","LIV Sun 11:30AM","270","9","0%","0%"
"*06mpp*","Mats Wieffer","BHA","D","107","FA","AVL Sun 9:00AM","269","10.35","0%","0%"
"*04yo7*","Youri Tielemans","AVL","M","108","FA","@BHA Sun 9:00AM","268.5","10.74","0%","0%"
"*05ubv*","Omari Hutchinson","NOT","F","109","FA","LEE Sat 10:00AM","268","8.65","0%","0%"
"*05gcs*","Sander Berge","FUL","M","110","FA","CHE Mon 3:00PM","267.5","7.64","0%","0%"
"*05748*","Ismaila Sarr","CRY","M","111","FA","@EVE Sat 10:00AM","267.5","9.55","0%","0%"
"*04fk1*","Pascal Gross","BHA","M","112","FA","AVL Sun 9:00AM","266.5","14.03","0%","0%"
"*06cms*","Sandro Tonali","TOT","M","113","FA","@BRF Sat 12:30PM","263","7.51","0%","0%"
"*070hs*","Gianluigi Donnarumma","MCI","G","114","FA","BOU Sun 9:00AM","262.75","7.73","0%","0%"
"*04mup*","Trevoh Chalobah","CHE","D","115","FA","@FUL Mon 3:00PM","261","7.68","0%","0%"
"*05l8q*","Cole Palmer","CHE","M","116","FA","@FUL Mon 3:00PM","260","10","0%","0%"
"*04tm0*","Lucas Digne","AVL","D","117","FA","@BHA Sun 9:00AM","258.5","8.34","0%","0%"
"*06fuw*","Djordje Petrovic","BOU","G","118","FA","@MCI Sun 9:00AM","257.5","6.78","0%","0%"
"*05220*","Sepp van den Berg","BRF","D","119","FA","TOT Sat 12:30PM","257","8.03","0%","0%"
"*04mi4*","Callum Hudson-Odoi","NOT","F","120","FA","LEE Sat 10:00AM","256.5","8.55","0%","0%"
"*05nns*","Danny Ballard","SUN","D","121","FA","@IPS Sat 10:00AM","256","8.83","0%","0%"
"*070f9*","Yeremy Pino","CRY","M","122","FA","@EVE Sat 10:00AM","256","7.53","0%","0%"
"*03yww*","Dean Henderson","CRY","G","123","FA","@EVE Sat 10:00AM","255.5","6.91","0%","0%"
"*061vb*","James Hill","BOU","D","124","FA","@MCI Sun 9:00AM","255.5","8.81","0%","0%"
"*06yb7*","Gabriel Gudmundsson","LEE","D","125","FA","@NOT Sat 10:00AM","255","7.97","0%","0%"
"*05ybq*","Vitalii Mykolenko","EVE","D","126","FA","CRY Sat 10:00AM","255","7.73","0%","0%"
"*02lz0*","Emiliano Martinez","AVL","G","127","FA","@BHA Sun 9:00AM","253.75","7.93","0%","0%"
"*070g7*","Nick Woltemade","NEW","F","128","FA","LIV Sun 11:30AM","253","7.67","0%","0%"
"*06clz*","Malo Gusto","CHE","D","129","FA","@FUL Mon 3:00PM","252.5","7.43","0%","0%"
"*02lm7*","Jack Grealish","MCI","M","130","FA","BOU Sun 9:00AM","252","12.6","0%","0%"
"*06cmu*","Bart Verbruggen","BHA","G","131","FA","AVL Sun 9:00AM","250","6.58","0%","0%"
"*05mzz*","Pascal Struijk","BHA","D","132","FA","AVL Sun 9:00AM","248","7.29","0%","0%"
"*06fv8*","Mohammed Kudus","TOT","M","133","FA","@BRF Sat 12:30PM","246","12.95","0%","0%"
"*06zxy*","Benjamin Sesko","MUN","F","134","FA","@HUL Sat 7:30AM","245.5","8.18","0%","0%"
"*06ybp*","Thierno Barry","EVE","F","135","FA","CRY Sat 10:00AM","245","6.45","0%","0%"
"*068yc*","Yasin Ayari","BHA","M","136","FA","AVL Sun 9:00AM","244","8.41","0%","0%"
"*06fxu*","Ibrahim Sangare","NOT","M","137","FA","LEE Sat 10:00AM","243.5","8.7","0%","0%"
"*062p3*","Keane Lewis-Potter","BRF","M","138","FA","TOT Sat 12:30PM","243","6.75","0%","0%"
"*05ylw*","Rodrigo Bentancur","TOT","M","139","FA","@BRF Sat 12:30PM","242.5","9.33","0%","0%"
"*051kl*","Emiliano Buendia","AVL","M","140","FA","@BHA Sun 9:00AM","242.5","6.74","0%","0%"
"*0521z*","James Justin","LEE","D","141","FA","@NOT Sat 10:00AM","240.5","8.29","0%","0%"
"*03yqz*","Joe Rodon","LEE","D","142","FA","@NOT Sat 10:00AM","240","6.86","0%","0%"
"*0558w*","William Saliba","ARS","D","143","FA","COV Fri 3:00PM","240","7.74","0%","0%"
"*04qfm*","Ryan Sessegnon","FUL","D","144","FA","CHE Mon 3:00PM","240","8.89","0%","0%"
"*05os8*","Joachim Andersen","FUL","D","145","FA","CHE Mon 3:00PM","239.5","7.26","0%","0%"
"*05uoc*","Cristian Romero","TOT","D","146","FA","@BRF Sat 12:30PM","239.5","10.41","0%","0%"
"*0689w*","Georginio Rutter","BHA","F","147","FA","AVL Sun 9:00AM","239","7.47","0%","0%"
"*04yme*","Robert Sanchez","CHE","G","148","FA","@FUL Mon 3:00PM","238","6.8","0%","0%"
"*070fa*","Xavi Simons","TOT","M","149","FA","@BRF Sat 12:30PM","236","8.43","0%","0%"
"*06y59*","Noah Sadiki","SUN","M","150","FA","@IPS Sat 10:00AM","235.5","7.14","0%","0%"
"*0554g*","Calvin Bassey","FUL","D","151","FA","CHE Mon 3:00PM","233.5","7.78","0%","0%"
"*06do9*","Milos Kerkez","LIV","D","152","FA","@NEW Sun 11:30AM","233","6.85","0%","0%"
"*068yt*","Sasa Lukic","FUL","M","153","FA","CHE Mon 3:00PM","232.5","8.94","0%","0%"
"*03am7*","Jacob Murphy","NEW","M","154","FA","LIV Sun 11:30AM","232","7.03","0%","0%"
"*06fvn*","Beto","EVE","F","155","FA","CRY Sat 10:00AM","231","6.24","0%","0%"
"*06ezb*","Micky van de Ven","TOT","D","156","FA","@BRF Sat 12:30PM","231","6.6","0%","0%"
"*06nu7*","Riccardo Calafiori","ARS","D","157","FA","COV Fri 3:00PM","229","8.81","0%","0%"
"*04e1c*","Lewis Dunk","BHA","D","158","FA","AVL Sun 9:00AM","229","6.94","0%","0%"
"*06mw0*","Nikola Milenkovic","NOT","D","159","FA","LEE Sat 10:00AM","229","6.03","0%","0%"
"*032f9*","Jordan Pickford","EVE","G","160","FA","CRY Sat 10:00AM","227","5.97","0%","0%"
"*0554i*","Joelinton","NEW","M","161","FA","LIV Sun 11:30AM","224","8.3","0%","0%"
"*063hu*","Amadou Onana","AVL","M","162","FA","@BHA Sun 9:00AM","223.5","8.94","0%","0%"
"*04qor*","Bernd Leno","FUL","G","163","FA","CHE Mon 3:00PM","222.25","5.85","0%","0%"
"*044ei*","Nick Pope","NEW","G","164","FA","LIV Sun 11:30AM","221.75","8.21","0%","0%"
"*05t6z*","Tim Iroegbunam","EVE","M","165","FA","CRY Sat 10:00AM","221","7.62","0%","0%"
"*05oeh*","Kenny Tete","FUL","D","166","FA","CHE Mon 3:00PM","221","10.05","0%","0%"
"*04abn*","Harvey Barnes","NEW","M","167","FA","LIV Sun 11:30AM","220.5","5.96","0%","0%"
"*05r9b*","Martin Odegaard","ARS","M","168","FA","COV Fri 3:00PM","215.5","8.98","0%","0%"
"*06rm8*","Mathys Tel","TOT","F","169","FA","@BRF Sat 12:30PM","214","6.9","0%","0%"
"*062a9*","Sven Botman","NEW","D","170","FA","LIV Sun 11:30AM","212.5","8.5","0%","0%"
"*05o4c*","Timothy Castagne","FUL","D","171","FA","CHE Mon 3:00PM","212","7.07","0%","0%"
"*05omu*","Ruben Dias","MCI","D","172","FA","BOU Sun 9:00AM","211.5","8.13","0%","0%"
"*02lsa*","Dan Burn","NEW","D","173","FA","LIV Sun 11:30AM","210.5","7.26","0%","0%"
"*06y9m*","Maxim De Cuyper","BHA","D","174","FA","AVL Sun 9:00AM","210.5","7.02","0%","0%"
"*067ys*","Jack Hinshelwood","BHA","M","175","FA","AVL Sun 9:00AM","210.5","7.8","0%","0%"
"*062ci*","Kaoru Mitoma","BHA","M","176","FA","AVL Sun 9:00AM","210","8.4","0%","0%"
"*03rzp*","Antonee Robinson","FUL","D","177","FA","CHE Mon 3:00PM","208.5","9.48","0%","0%"
"*06mnc*","Daichi Kamada","CRY","M","178","FA","@EVE Sat 10:00AM","207.5","7.41","0%","0%"
"*062ts*","Djed Spence","TOT","D","179","FA","@BRF Sat 12:30PM","207.5","6.92","0%","0%"
"*062h7*","Tyler Adams","BOU","M","180","FA","@MCI Sun 9:00AM","207","8.28","0%","0%"
"*06v06*","Tijjani Reijnders","MCI","M","181","FA","BOU Sun 9:00AM","207","7.39","0%","0%"
"*068n8*","Noni Madueke","ARS","M","182","FA","COV Fri 3:00PM","206.5","7.94","0%","0%"
"*05tre*","Vitaly Janelt","BRF","M","183","FA","TOT Sat 12:30PM","205.5","8.22","0%","0%"
"*04sat*","Emile Smith Rowe","FUL","M","184","FA","CHE Mon 3:00PM","204.5","5.53","0%","0%"
"*04f6h*","Matz Sels","NOT","G","185","FA","LEE Sat 10:00AM","203.5","6.56","0%","0%"
"*070hq*","Piero Hincapie","ARS","D","186","FA","COV Fri 3:00PM","203","8.12","0%","0%"
"*0666p*","Kobbie Mainoo","MUN","M","187","FA","@HUL Sat 7:30AM","203","7.25","0%","0%"
"*03rxa*","Idrissa Gueye","EVE","M","188","FA","CRY Sat 10:00AM","202.5","8.1","0%","0%"
"*04tzt*","Jefferson Lerma","CRY","M","189","FA","@EVE Sat 10:00AM","201.5","6.5","0%","0%"
"*070hc*","Brian Brobbey","SUN","F","190","FA","@IPS Sat 10:00AM","200","6.45","0%","0%"
"*052cb*","Ian Maatsen","AVL","D","191","FA","@BHA Sun 9:00AM","198.5","6.62","0%","0%"
"*04o82*","Curtis Jones","LIV","M","192","FA","@NEW Sun 11:30AM","198","5.82","0%","0%"
"*06fwz*","Murillo","NOT","D","193","FA","LEE Sat 10:00AM","196.5","7.86","0%","0%"
"*06v51*","Jaka Bijol","LEE","D","194","FA","@NOT Sat 10:00AM","195","7.8","0%","0%"
"*06rm7*","Nico Gonzalez","MCI","M","195","FA","BOU Sun 9:00AM","192","7.68","0%","0%"
"*070hl*","Senne Lammens","MUN","G","196","FA","@HUL Sat 7:30AM","191.5","5.98","0%","0%"
"*05w7t*","Pape Sarr","TOT","M","197","FA","@BRF Sat 12:30PM","191.5","7.37","0%","0%"
"*0524k*","Rodri","MCI","M","198","FA","BOU Sun 9:00AM","186.5","8.88","0%","0%"
"*06ab3*","Lewis Miley","NEW","M","199","FA","LIV Sun 11:30AM","186.5","8.11","0%","0%"
"*072wq*","Rayan","BOU","F","200","FA","@MCI Sun 9:00AM","185.5","12.37","0%","0%"
"*06yb9*","Reinildo","SUN","D","201","FA","@IPS Sat 10:00AM","184","7.36","0%","0%"
"*052ca*","Ezri Konsa","AVL","D","202","FA","@BHA Sun 9:00AM","183","5.38","0%","0%"
"*061va*","Boubacar Kamara","AVL","M","203","FA","@BHA Sun 9:00AM","182.5","10.14","0%","0%"
"*070hj*","Kevin","FUL","F","204","FA","CHE Mon 3:00PM","182","7","0%","0%"
"*05opl*","Wesley Fofana","CHE","D","205","FA","@FUL Mon 3:00PM","177.5","7.1","0%","0%"
"*04rh9*","David Brooks","BOU","M","206","FA","@MCI Sun 9:00AM","177","5.71","0%","0%"
"*02lk5*","Jordan Henderson","BRF","M","207","FA","TOT Sat 12:30PM","175.5","5.48","0%","0%"
"*05uel*","Kristoffer Ajer","BRF","D","208","FA","TOT Sat 12:30PM","174","6.44","0%","0%"
"*03frx*","Ola Aina","NOT","D","209","FA","LEE Sat 10:00AM","173","9.61","0%","0%"
"*04ug0*","Sean Longstaff","LEE","M","210","FA","@NOT Sat 10:00AM","173","7.52","0%","0%"
"*060wh*","Alejandro Garnacho","CHE","M","211","FA","@FUL Mon 3:00PM","172.5","7.19","0%","0%"
"*06cmb*","Guglielmo Vicario","TOT","G","212","FA","@BRF Sat 12:30PM","172.25","5.56","0%","0%"
"*070ci*","Amine Adli","BOU","F","213","FA","@MCI Sun 9:00AM","171","5.52","0%","0%"
"*04hk9*","Mikel Merino","ARS","M","214","FA","COV Fri 3:00PM","170.5","7.75","0%","0%"
"*06mow*","Jorgen Strand Larsen","CRY","F","215","FA","@EVE Sat 10:00AM","168","4.67","0%","0%"
"*06ybq*","Chemsdine Talbi","SUN","F","216","FA","@IPS Sat 10:00AM","167.5","5.98","0%","0%"
"*070hk*","Samuel Chukwueze","FUL","F","217","FA","CHE Mon 3:00PM","167","7.26","0%","0%"
"*03gu4*","Harry Maguire","MUN","D","218","FA","@HUL Sat 7:30AM","166.5","7.24","0%","0%"
"*06fwi*","Carlos Baleba","BHA","M","219","FA","AVL Sun 9:00AM","163.5","5.27","0%","0%"
"*06r9w*","Abdukodir Khusanov","MCI","D","220","FA","BOU Sun 9:00AM","163.5","7.79","0%","0%"
"*06uzy*","Ao Tanaka","LEE","M","221","FA","@NOT Sat 10:00AM","162.5","5.8","0%","0%"
"*04lnu*","Lukas Nmecha","LEE","F","222","FA","@NOT Sat 10:00AM","162","5.23","0%","0%"
"*051k3*","Jacob Ramsey","NEW","M","223","FA","LIV Sun 11:30AM","161.5","5.77","0%","0%"
"*06ex4*","Josko Gvardiol","MCI","D","224","FA","BOU Sun 9:00AM","161","8.94","0%","0%"
"*061ya*","Brennan Johnson","CRY","F","225","FA","@EVE Sat 10:00AM","160.5","4.72","0%","0%"
"*03dx3*","Kieran Trippier","NEW","D","226","FA","LIV Sun 11:30AM","158.5","7.55","0%","0%"
"*06mx0*","Leny Yoro","MUN","D","227","FA","@HUL Sat 7:30AM","157.5","4.92","0%","0%"
"*05os4*","Rayan Ait-Nouri","MCI","D","228","FA","BOU Sun 9:00AM","157","9.24","0%","0%"
"*06yxe*","Estevao","CHE","F","229","FA","@FUL Mon 3:00PM","154.5","7.02","0%","0%"
"*070hp*","Randal Kolo Muani","TOT","F","230","FA","@BRF Sat 12:30PM","153.5","5.12","0%","0%"
"*04p0d*","Dwight McNeil","EVE","M","231","FA","CRY Sat 10:00AM","153.5","6.98","0%","0%"
"*06fy7*","Nicolas Dominguez","NOT","M","232","FA","LEE Sat 10:00AM","151","5.59","0%","0%"
"*04sjt*","Alisson","LIV","G","233","FA","@NEW Sun 11:30AM","150.25","5.78","0%","0%"
"*06jh3*","Joshua King","FUL","M","234","FA","CHE Mon 3:00PM","149","4.66","0%","0%"
"*06v0t*","Wilson Isidor","SUN","F","235","FA","@IPS Sat 10:00AM","146.5","4.58","0%","0%"
"*061ve*","Ryan Christie","BOU","M","236","FA","@MCI Sun 9:00AM","145","5.58","0%","0%"
"*06v05*","Jeremie Frimpong","LIV","D","237","FA","@NEW Sun 11:30AM","145","6.9","0%","0%"
"*03pif*","Karl Darlow","LEE","G","238","FA","@NOT Sat 10:00AM","143.25","6.51","0%","0%"
"*05ye7*","Oscar Bobb","FUL","M","239","FA","CHE Mon 3:00PM","143","6.22","0%","0%"
"*04f6o*","Will Hughes","CRY","M","240","FA","@EVE Sat 10:00AM","143","4.61","0%","0%"
"*06v01*","Ilia Gruev","LEE","M","241","FA","@NOT Sat 10:00AM","142","6.17","0%","0%"
"*051k8*","Conor Gallagher","TOT","M","242","FA","@BRF Sat 12:30PM","139","8.69","0%","0%"
"*05t6x*","William Osula","NEW","F","243","FA","LIV Sun 11:30AM","138","5.75","0%","0%"
"*052h5*","Gabriel Martinelli","ARS","M","244","FA","COV Fri 3:00PM","137","4.57","0%","0%"
"*03gu5*","Andrew Robertson","LIV","D","245","FA","@NEW Sun 11:30AM","136","5.67","0%","0%"
"*070hb*","Jaydee Canvot","CRY","D","246","FA","@EVE Sat 10:00AM","135.5","6.78","0%","0%"
"*057cr*","Kevin Danso","TOT","D","247","FA","@BRF Sat 12:30PM","135.5","5.65","0%","0%"
"*070ho*","Lutsharel Geertruida","SUN","D","248","FA","@IPS Sat 10:00AM","135","4.82","0%","0%"
"*052cd*","Mason Mount","MUN","M","249","FA","@HUL Sat 7:30AM","135","5.87","0%","0%"
"*06y29*","Habib Diarra","SUN","M","250","FA","@IPS Sat 10:00AM","132.5","6.62","0%","0%"
"*05y7c*","Archie Gray","TOT","M","251","FA","@BRF Sat 12:30PM","130.5","5.44","0%","0%"
"*04spp*","Douglas Luiz","AVL","M","252","FA","@BHA Sun 9:00AM","129.5","6.17","0%","0%"
"*06rf9*","Omar Marmoush","MCI","F","253","FA","BOU Sun 9:00AM","129","6.14","0%","0%"
"*06zna*","Dan Ndoye","NOT","F","254","FA","LEE Sat 10:00AM","128","5.33","0%","0%"
"*06crm*","Pau Torres","AVL","D","255","FA","@BHA Sun 9:00AM","128","6.1","0%","0%"
"*04tig*","Fabian Schar","NEW","D","256","FA","LIV Sun 11:30AM","126.5","7.91","0%","0%"
"*05s08*","Valentino Livramento","NEW","D","257","FA","LIV Sun 11:30AM","125","7.35","0%","0%"
"*06fhy*","Wilson Odobert","TOT","F","258","FA","@BRF Sat 12:30PM","123.5","5.15","0%","0%"
"*06r2g*","Rio Ngumoha","LIV","F","259","FA","@NEW Sun 11:30AM","121","6.37","0%","0%"
"*02lpf*","Ross Barkley","AVL","M","260","FA","@BHA Sun 9:00AM","118.5","5.64","0%","0%"
"*04ge6*","Joe Willock","NEW","M","261","FA","LIV Sun 11:30AM","117.5","4.9","0%","0%"
"*06clt*","Justin Kluivert","BOU","M","262","FA","@MCI Sun 9:00AM","115.5","5.78","0%","0%"
"*06p4k*","Matthijs de Ligt","MUN","D","263","FA","@HUL Sat 7:30AM","115.5","8.88","0%","0%"
"*03fgo*","Dominic Solanke","TOT","F","264","FA","@BRF Sat 12:30PM","115","7.67","0%","0%"
"*06pib*","Manuel Ugarte","MUN","M","265","FA","@HUL Sat 7:30AM","114.5","5.2","0%","0%"
"*043qy*","Lewis Cook","BOU","M","266","FA","@MCI Sun 9:00AM","114","6.33","0%","0%"
"*06mvz*","Savio","MCI","M","267","FA","BOU Sun 9:00AM","113","4.71","0%","0%"
"*06mn7*","Lucas Bergvall","TOT","M","268","FA","@BRF Sat 12:30PM","112","4.87","0%","0%"
"*068a0*","Andrey Santos","CHE","M","269","FA","@FUL Mon 3:00PM","112","4.15","0%","0%"
"*06p4j*","Noussair Mazraoui","MUN","D","270","FA","@HUL Sat 7:30AM","111","5.55","0%","0%"
"*02lp5*","Adam Smith","BOU","D","271","FA","@MCI Sun 9:00AM","109.5","4.98","0%","0%"
"*05o6h*","Kai Havertz","ARS","F","272","FA","COV Fri 3:00PM","108.5","9.04","0%","0%"
"*06pig*","Morato","NOT","D","273","FA","LEE Sat 10:00AM","108.5","5.17","0%","0%"
"*062pl*","Lisandro Martinez","MUN","D","274","FA","@HUL Sat 7:30AM","108","6","0%","0%"
"*06zwj*","Evann Guessand","AVL","F","275","FA","@BHA Sun 9:00AM","104.5","4.98","0%","0%"
"*05tqz*","Rico Henry","BRF","D","276","FA","TOT Sat 12:30PM","104.5","4.18","0%","0%"
"*05ogb*","Anthony Elanga","NEW","F","277","FA","LIV Sun 11:30AM","104","3.25","0%","0%"
"*05mxa*","Joel Veltman","BHA","D","278","FA","AVL Sun 9:00AM","104","4.33","0%","0%"
"*05uhj*","Conor Bradley","LIV","D","279","FA","@NEW Sun 11:30AM","102.5","6.83","0%","0%"
"*04e1e*","Ben White","ARS","D","280","FA","COV Fri 3:00PM","102.5","8.54","0%","0%"
"*061vn*","Rodrigo Muniz","FUL","F","281","FA","CHE Mon 3:00PM","101.5","4.83","0%","0%"
"*0700u*","Bafode Diakite","BOU","D","282","FA","@MCI Sun 9:00AM","100.5","5.58","0%","0%"
"*06zqq*","Jorrel Hato","CHE","D","283","FA","@FUL Mon 3:00PM","100.5","4.57","0%","0%"
"*070g8*","Nicolo Savona","NOT","D","284","FA","LEE Sat 10:00AM","99","7.07","0%","0%"
"*04ge7*","Donyell Malen","AVL","F","285","FA","@BHA Sun 9:00AM","97","4.62","0%","0%"
"*06mve*","Joshua Zirkzee","MUN","F","286","FA","@HUL Sat 7:30AM","97","4.04","0%","0%"
"*04gw7*","Jadon Sancho","MUN","M","287","FA","@HUL Sat 7:30AM","96","4.17","0%","0%"
"*063y7*","Destiny Udogie","TOT","D","288","FA","@BRF Sat 12:30PM","95","4.75","0%","0%"
"*06xzd*","Charalampos Kostoulas","BHA","F","289","FA","AVL Sun 9:00AM","94.5","4.5","0%","0%"
"*06y26*","Olivier Boscagli","BHA","D","290","FA","AVL Sun 9:00AM","91","7.58","0%","0%"
"*03rec*","Tyrone Mings","AVL","D","291","FA","@BHA Sun 9:00AM","89.5","5.26","0%","0%"
"*02m5b*","Chris Wood","NOT","F","292","FA","LEE Sat 10:00AM","89.5","5.97","0%","0%"
"*04rzl*","Taiwo Awoniyi","NOT","F","293","FA","LEE Sat 10:00AM","89","5.24","0%","0%"
"*06v0l*","Chris Rigg","SUN","M","294","FA","@IPS Sat 10:00AM","89","4.94","0%","0%"
"*06zbm*","Cristhian Mosquera","ARS","D","295","FA","COV Fri 3:00PM","88.5","4.42","0%","0%"
"*035n1*","Bertrand Traore","SUN","M","296","FA","@IPS Sat 10:00AM","88","7.33","0%","0%"
"*0687c*","Carlos Alcaraz","EVE","M","297","FA","CRY Sat 10:00AM","84.5","4.22","0%","0%"
"*070hi*","Merlin Rohl","EVE","M","298","FA","CRY Sat 10:00AM","80","5","0%","0%"
"*02lv9*","James Milner","BHA","M","299","FA","AVL Sun 9:00AM","78","3.9","0%","0%"
"*06kwp*","Josh Acheampong","CHE","D","300","FA","@FUL Mon 3:00PM","76","4.47","0%","0%"
"*05l27*","Jarrad Branthwaite","EVE","D","301","FA","CRY Sat 10:00AM","74.5","7.45","0%","0%"
"*06nyw*","Jorge Cuenca","FUL","D","302","FA","CHE Mon 3:00PM","74.5","4.97","0%","0%"
"*05oig*","Liam Delap","CHE","F","303","FA","@FUL Mon 3:00PM","74","2.64","0%","0%"
"*064a0*","Wilfried Gnonto","LEE","F","304","FA","@NOT Sat 10:00AM","73.5","3.2","0%","0%"
"*0328q*","Tom Cairney","FUL","M","305","FA","CHE Mon 3:00PM","71.5","2.98","0%","0%"
"*06kqy*","Ayden Heaven","MUN","D","306","FA","@HUL Sat 7:30AM","71.5","4.21","0%","0%"
"*0646f*","Alexander Isak","LIV","F","307","FA","@NEW Sun 11:30AM","70","5","0%","0%"
"*070hn*","Dilane Bakwa","NOT","F","308","FA","LEE Sat 10:00AM","69.5","4.96","0%","0%"
"*06v0s*","Eliezer Mayenda","SUN","F","309","FA","@IPS Sat 10:00AM","69","3.45","0%","0%"
"*045c8*","Gabriel Jesus","ARS","F","310","FA","COV Fri 3:00PM","69","4.93","0%","0%"
"*03r93*","Joseph Gomez","LIV","D","311","FA","@NEW Sun 11:30AM","68","3.24","0%","0%"
"*061y6*","Ryan Yates","NOT","M","312","FA","LEE Sat 10:00AM","68","3.09","0%","0%"
"*06xzg*","Giorgi Mamardashvili","LIV","G","313","FA","@NEW Sun 11:30AM","67.25","6.72","0%","0%"
"*03yeg*","Tosin Adarabioyo","CHE","D","314","FA","@FUL Mon 3:00PM","67","4.19","0%","0%"
"*06y9n*","Jamie Gittens","CHE","F","315","FA","@FUL Mon 3:00PM","66","4.12","0%","0%"
"*02y6o*","Nathan Ake","MCI","D","316","FA","BOU Sun 9:00AM","63","3.5","0%","0%"
"*06kx1*","Justin Devenny","CRY","M","317","FA","@EVE Sat 10:00AM","62","2.95","0%","0%"
"*05r4h*","Lamare Bogarde","AVL","M","318","FA","@BHA Sun 9:00AM","61","2.18","0%","0%"
"*04ge9*","Eddie Nketiah","CRY","F","319","FA","@EVE Sat 10:00AM","60","5","0%","0%"
"*05uns*","Leon Bailey","AVL","M","320","FA","@BHA Sun 9:00AM","57","4.38","0%","0%"
"*06phw*","Federico Chiesa","LIV","F","321","FA","@NEW Sun 11:30AM","56.5","2.17","0%","0%"
"*04ym7*","Lucas Perri","LEE","G","322","FA","@NOT Sat 10:00AM","56","3.5","0%","0%"
"*03yr0*","Daniel James","LEE","M","323","FA","@NOT Sat 10:00AM","54","2.84","0%","0%"
"*05uor*","Yoane Wissa","NEW","F","324","FA","LIV Sun 11:30AM","50","2.63","0%","0%"
"*06ime*","Radu Dragusin","TOT","D","325","FA","@BRF Sat 12:30PM","49.5","4.95","0%","0%"
"*04qos*","Issa Diop","FUL","D","326","FA","CHE Mon 3:00PM","49","3.77","0%","0%"
"*062og*","Aaron Hickey","BRF","D","327","FA","TOT Sat 12:30PM","49","2.33","0%","0%"
"*04fk8*","Victor Lindelof","AVL","D","328","FA","@BHA Sun 9:00AM","46","2.71","0%","0%"
"*072zs*","Nilson Angulo","SUN","M","329","FA","@IPS Sat 10:00AM","45.5","5.69","0%","0%"
"*06onv*","Harrison Armstrong","EVE","M","330","FA","CRY Sat 10:00AM","45.5","3.5","0%","0%"
"*04sft*","Yves Bissouma","TOT","M","331","FA","@BRF Sat 12:30PM","45.5","4.14","0%","0%"
"*02t1k*","Nathaniel Clyne","CRY","D","332","FA","@EVE Sat 10:00AM","45","4.5","0%","0%"
"*06195*","Tyler Dibling","EVE","M","333","FA","CRY Sat 10:00AM","42.5","3.04","0%","0%"
"*06zbp*","Max Dowman","ARS","M","334","FA","COV Fri 3:00PM","42","7","0%","0%"
"*06y28*","Sebastiaan Bornauw","LEE","D","335","FA","@NOT Sat 10:00AM","41.5","3.46","0%","0%"
"*04amh*","Aaron Ramsdale","NEW","G","336","FA","LIV Sun 11:30AM","41.5","3.46","0%","0%"
"*06mnn*","Chadi Riad","CRY","D","337","FA","@EVE Sat 10:00AM","41.5","4.61","0%","0%"
"*066sd*","Myles Lewis-Skelly","ARS","M","338","FA","COV Fri 3:00PM","40.5","2.02","0%","0%"
"*06v0m*","Luke O'Nien","SUN","D","339","FA","@IPS Sat 10:00AM","40.5","3.38","0%","0%"
"*0410j*","Tammy Abraham","AVL","F","340","FA","@BHA Sun 9:00AM","39","3.25","0%","0%"
"*06l4i*","Tyrique George","EVE","F","341","FA","CRY Sat 10:00AM","39","2.6","0%","0%"
"*062x7*","Rico Lewis","MCI","D","342","FA","BOU Sun 9:00AM","38.5","3.5","0%","0%"
"*070h9*","Veljko Milosavljevic","BOU","D","343","FA","@MCI Sun 9:00AM","35.5","5.07","0%","0%"
"*04qfq*","Matt O'Riley","BHA","M","344","FA","AVL Sun 9:00AM","35","5.83","0%","0%"
"*06ymt*","Marco Bizot","AVL","G","345","FA","@BHA Sun 9:00AM","32.5","4.64","0%","0%"
"*05yct*","Nathan Patterson","EVE","D","346","FA","CRY Sat 10:00AM","32","4.57","0%","0%"
"*05oz3*","James Trafford","MCI","G","347","FA","BOU Sun 9:00AM","31.5","7.88","0%","0%"
"*05tr1*","Ethan Pinnock","BRF","D","348","FA","TOT Sat 12:30PM","31","7.75","0%","0%"
"*06xzc*","Stefanos Tzimas","BHA","F","349","FA","AVL Sun 9:00AM","31","3.44","0%","0%"
"*02yl5*","John Stones","MCI","D","350","FA","BOU Sun 9:00AM","30.5","3.39","0%","0%"
"*072zr*","Luca Netz","NOT","D","351","FA","LEE Sat 10:00AM","30","4.29","0%","0%"
"*06804*","Benoit Badiashile","CHE","D","352","FA","@FUL Mon 3:00PM","29","3.62","0%","0%"
"*05uhs*","James Mcatee","NOT","M","353","FA","LEE Sat 10:00AM","29","2.07","0%","0%"
"*06r6s*","Antonin Kinsky","TOT","G","354","FA","@BRF Sat 12:30PM","28.5","4.07","0%","0%"
"*06ygm*","Jair Cunha","NOT","D","355","FA","LEE Sat 10:00AM","28.5","3.17","0%","0%"
"*02oo1*","Ben Davies","TOT","D","356","FA","@BRF Sat 12:30PM","27.5","9.17","0%","0%"
"*072zp*","Melker Ellborg","SUN","G","357","FA","@IPS Sat 10:00AM","27.5","9.17","0%","0%"
"*05g4d*","Dennis Cirkin","SUN","D","358","FA","@IPS Sat 10:00AM","25","3.12","0%","0%"
"*05unu*","Romeo Lavia","CHE","M","359","FA","@FUL Mon 3:00PM","25","2.08","0%","0%"
"*04ge8*","Reiss Nelson","BRF","F","360","FA","TOT Sat 12:30PM","22.5","2.25","0%","0%"
"*06fso*","Wataru Endo","LIV","M","361","FA","@NEW Sun 11:30AM","21.5","2.69","0%","0%"
"*072r2*","Lorenzo Lucca","NOT","F","362","FA","LEE Sat 10:00AM","21.5","5.38","0%","0%"
"*03sbh*","Enes Unal","BOU","F","363","FA","@MCI Sun 9:00AM","20.5","0.89","0%","0%"
"*067x6*","Max Alleyne","MCI","D","364","FA","BOU Sun 9:00AM","20","10","0%","0%"
"*05udw*","Romaine Mundle","SUN","M","365","FA","@IPS Sat 10:00AM","20","1.43","0%","0%"
"*06v02*","Joel Piroe","LEE","F","366","FA","@NOT Sat 10:00AM","19.5","1.22","0%","0%"
"*062p5*","Levi Colwill","CHE","D","367","FA","@FUL Mon 3:00PM","18.5","6.17","0%","0%"
"*04u41*","Mateo Kovacic","MCI","M","368","FA","BOU Sun 9:00AM","18.5","3.08","0%","0%"
"*037mt*","Harrison Reed","FUL","M","369","FA","CHE Mon 3:00PM","18.5","2.64","0%","0%"
"*066nn*","Ben Doak","BOU","M","370","FA","@MCI Sun 9:00AM","18","2.25","0%","0%"
"*062cw*","Stefan Ortega","NOT","G","371","FA","LEE Sat 10:00AM","17.25","5.75","0%","0%"
"*06mnm*","Marc Guiu","CHE","F","372","FA","@FUL Mon 3:00PM","17","1.7","0%","0%"
"*05ue7*","Frank Onyeka","COV","M","373","FA","@ARS Fri 3:00PM","16.5","2.75","0%","0%"
"*05ojf*","Fabio Carvalho","BRF","M","374","FA","TOT Sat 12:30PM","16","2.67","0%","0%"
"*06xze*","Walter Benitez","CRY","G","375","FA","@EVE Sat 10:00AM","15.25","15.25","0%","0%"
"*06442*","Zach Abbott","NOT","D","376","FA","LEE Sat 10:00AM","15","5","0%","0%"
"*06nv3*","Filip Jorgensen","CHE","G","377","FA","@FUL Mon 3:00PM","15","3","0%","0%"
"*06fx0*","Altay Bayindir","MUN","G","378","FA","@HUL Sat 7:30AM","14.75","2.46","0%","0%"
"*070hh*","Christantus Uche","CRY","M","379","FA","@EVE Sat 10:00AM","14.5","1.04","0%","0%"
"*072pc*","Alex Toth","BOU","M","380","FA","@MCI Sun 9:00AM","14","1.56","0%","0%"
"*03m5i*","Freddie Woodman","LIV","G","381","FA","@NEW Sun 11:30AM","12.75","4.25","0%","0%"
"*06zbt*","Rio Cardines","CRY","M","382","FA","@EVE Sat 10:00AM","9.5","9.5","0%","0%"
"*06mul*","Jack Fletcher","MUN","M","383","FA","@HUL Sat 7:30AM","9.5","3.17","0%","0%"
"*06r9v*","Andres Garcia","AVL","D","384","FA","@BHA Sun 9:00AM","9","1.5","0%","0%"
"*072py*","Souza","TOT","D","385","FA","@BRF Sat 12:30PM","8.5","2.12","0%","0%"
"*06xzb*","Romelle Donovan","BRF","M","386","FA","TOT Sat 12:30PM","8","2","0%","0%"
"*05tr8*","Christian Norgaard","ARS","M","387","FA","COV Fri 3:00PM","8","1.14","0%","0%"
"*067yu*","Facundo Buonanotte","LEE","M","388","FA","@NOT Sat 10:00AM","7.5","1.88","0%","0%"
"*0738b*","Jesse Derry","CHE","F","389","FA","@FUL Mon 3:00PM","7","7","0%","0%"
"*06yey*","Borna Sosa","CRY","D","390","FA","@EVE Sat 10:00AM","6.5","0.93","0%","0%"
"*06eka*","Igor Julio","BHA","D","391","FA","AVL Sun 9:00AM","6.5","1.62","0%","0%"
"*04xjr*","Harvey Elliott","AVL","M","392","FA","@BHA Sun 9:00AM","5","1","0%","0%"
"*04e1k*","Solly March","BHA","M","393","FA","AVL Sun 9:00AM","5","1.25","0%","0%"
"*04u40*","Kepa","ARS","G","394","FA","COV Fri 3:00PM","4.75","4.75","0%","0%"
"*02lpl*","Seamus Coleman","EVE","D","395","FA","CRY Sat 10:00AM","4.5","0.9","0%","0%"
"*06v0c*","Shea Lacey","MUN","F","396","FA","@HUL Sat 7:30AM","4.5","1.5","0%","0%"
"*070gt*","John Victor Maciel Furtado","NOT","G","397","FA","LEE Sat 10:00AM","4","0.8","0%","0%"
"*06uzv*","Dario Essugo","CHE","M","398","FA","@FUL Mon 3:00PM","3.5","1.17","0%","0%"
"*06uzu*","Mamadou Sarr","CHE","D","399","FA","@FUL Mon 3:00PM","3.5","1.17","0%","0%"
"*072j3*","Alysson","AVL","F","400","FA","@BHA Sun 9:00AM","3.5","1.17","0%","0%"
"*06y4g*","Antoni Milambo","BRF","M","401","FA","TOT Sat 12:30PM","3","3","0%","0%"
"*06ewy*","Alex Murphy","NEW","D","402","FA","LIV Sun 11:30AM","3","1.5","0%","0%"
"*06r9h*","Romain Esse","COV","M","403","FA","@ARS Fri 3:00PM","2.5","0.62","0%","0%"
"*070hr*","Jonah Kusi-Asare","FUL","F","404","FA","CHE Mon 3:00PM","2.5","0.36","0%","0%"
"*048xg*","Josh Dasilva","BRF","M","405","FA","TOT Sat 12:30PM","2","1","0%","0%"
"*072h9*","Joel Drakes-Thomas","CRY","F","406","FA","@EVE Sat 10:00AM","2","1","0%","0%"
"*06s7s*","Harry Howell","BHA","F","407","FA","AVL Sun 9:00AM","2","0.67","0%","0%"
"*06tf6*","Bendito Mantato","MUN","M","408","FA","@HUL Sat 7:30AM","2","2","0%","0%"
"*072o9*","Jocelin Ta Bi","SUN","M","409","FA","@IPS Sat 10:00AM","1.5","1.5","0%","0%"
"*0414o*","James Maddison","TOT","M","410","FA","@BRF Sat 12:30PM","1.5","0.5","0%","0%"
"*062ft*","Tyrell Malacia","MUN","D","411","FA","@HUL Sat 7:30AM","1.5","0.5","0%","0%"
"*06v0j*","Dan Neil","SUN","M","412","FA","@IPS Sat 10:00AM","1.5","0.5","0%","0%"
"*06hze*","Treymaurice Nyoni","LIV","M","413","FA","@NEW Sun 11:30AM","1.5","0.25","0%","0%"
"*044i7*","Angus Gunn","NOT","G","414","FA","LEE Sat 10:00AM","1.25","1.25","0%","0%"
"*06zc3*","Jun'ai Byfield","TOT","D","415","FA","@BRF Sat 12:30PM","0.5","0.5","0%","0%"
"*06v0u*","Ahmed Abdullahi","SUN","F","416","FA","@IPS Sat 10:00AM","0","0","0%","0%"
"*03ksl*","Semi Ajayi","HUL","D","417","W <small>(Fri)</small>","MUN Sat 7:30AM","0","0","0%","0%"
"*06r5r*","Matai Akinmboni","BOU","D","418","FA","@MCI Sun 9:00AM","0","0","0%","0%"
"*076dr*","David Akintola","HUL","M","419","W <small>(Fri)</small>","MUN Sat 7:30AM","0","0","0%","0%"
"*0326x*","Chuba Akpom","IPS","F","420","W <small>(Fri)</small>","SUN Sat 10:00AM","0","0","0%","0%"
"*072g3*","Sam Alabi","NEW","M","421","FA","LIV Sun 11:30AM","0","0","0%","0%"
"*06v0v*","Milan Aleksic","SUN","F","422","FA","@IPS Sat 10:00AM","0","0","0%","0%"
"*076d5*","Jamie Allen","COV","M","423","W <small>(Fri)</small>","@ARS Fri 3:00PM","0","0","0%","0%"
"*06ewp*","Samuel Amissah","FUL","D","424","FA","CHE Mon 3:00PM","0","0","0%","0%"
"*076dj*","Stanley Ashbee","HUL","D","425","W <small>(Fri)</small>","MUN Sat 7:30AM","0","0","0%","0%"
"*04gyd*","Brandon Austin","TOT","G","426","FA","@BRF Sat 12:30PM","0","0","0%","0%"
"*06mg5*","Leon Ayinde","IPS","M","427","W <small>(Fri)</small>","SUN Sat 10:00AM","0","0","0%","0%"
"*06zef*","Adam Aznou","EVE","D","428","FA","CRY Sat 10:00AM","0","0","0%","0%"
"*076dy*","Ivan Azon","IPS","F","429","W <small>(Fri)</small>","SUN Sat 10:00AM","0","0","0%","0%"
"*06xzn*","Abdoullah Ba","SUN","M","430","FA","@IPS Sat 10:00AM","0","0","0%","0%"
"*06mn3*","Elkan Baggott","IPS","D","431","W <small>(Fri)</small>","SUN Sat 10:00AM","0","0","0%","0%"
"*072x8*","Brando Bailey-Joseph","ARS","F","432","FA","COV Fri 3:00PM","0","0","0%","0%"
"*062p0*","Stefan Bajcetic","LIV","M","433","FA","@NEW Sun 11:30AM","0","0","0%","0%"
"*05u40*","Ellery Balcombe","BRF","G","434","FA","TOT Sat 12:30PM","0","0","0%","0%"
"*06qqm*","Callum Bates","EVE","M","435","FA","CRY Sat 10:00AM","0","0","0%","0%"
"*076dq*","Mohamed Belloumi","HUL","M","436","W <small>(Fri)</small>","MUN Sat 7:30AM","0","0","0%","0%"
"*06zod*","Dean Benamar","CRY","D","437","FA","@EVE Sat 10:00AM","0","0","0%","0%"
"*06fwn*","Steven Benda","FUL","G","438","FA","CHE Mon 3:00PM","0","0","0%","0%"
"*072zo*","Luka Bentt","BRF","M","439","FA","TOT Sat 12:30PM","0","0","0%","0%"
"*02ls8*","Marcus Bettinelli","MCI","G","440","FA","BOU Sun 9:00AM","0","0","0%","0%"
"*0643r*","Owen Bevan","BOU","D","441","FA","@MCI Sun 9:00AM","0","0","0%","0%"
"*02lpi*","Jake Bidwell","COV","D","442","W <small>(Fri)</small>","@ARS Fri 3:00PM","0","0","0%","0%"
"*072c1*","Zyan Blake","NOT","F","443","FA","LEE Sat 10:00AM","0","0","0%","0%"
"*04qr0*","Willy Boly","NOT","D","444","FA","LEE Sat 10:00AM","0","0","0%","0%"
"*06sj8*","Somto Boniface","IPS","D","445","W <small>(Fri)</small>","SUN Sat 10:00AM","0","0","0%","0%"
"*06ex2*","Aaron Bott","NOT","G","446","FA","LEE Sat 10:00AM","0","0","0%","0%"
"*06pry*","Kaden Braithwaite","MCI","D","447","FA","BOU Sun 9:00AM","0","0","0%","0%"
"*076d1*","Miguel Angel Brau","COV","D","448","W <small>(Fri)</small>","@ARS Fri 3:00PM","0","0","0%","0%"
"*06dpx*","Ethan Brierley","BRF","M","449","W <small>(Fri)</small>","TOT Sat 12:30PM","0","0","0%","0%"
"*076do*","Pharrell Brown","HUL","M","450","W <small>(Fri)</small>","MUN Sat 7:30AM","0","0","0%","0%"
"*06r7l*","Bradley Burrowes","AVL","M","451","FA","@BHA Sun 9:00AM","0","0","0%","0%"
"*032aa*","Jack Butland","HUL","G","452","W <small>(Fri)</small>","MUN Sat 7:30AM","0","0","0%","0%"
"*02t13*","David Button","IPS","G","453","W <small>(Fri)</small>","SUN Sat 10:00AM","0","0","0%","0%"
"*03ysd*","Sam Byram","LEE","D","454","FA","@NOT Sat 10:00AM","0","0","0%","0%"
"*06uzw*","Alex Cairns","LEE","G","455","FA","@NOT Sat 10:00AM","0","0","0%","0%"
"*06pdl*","Jens Cajuste","IPS","M","456","W <small>(Fri)</small>","SUN Sat 10:00AM","0","0","0%","0%"
"*072j7*","TJ Carroll","AVL","D","457","FA","@BHA Sun 9:00AM","0","0","0%","0%"
"*072h8*","Ben Casey","CRY","F","458","FA","@EVE Sat 10:00AM","0","0","0%","0%"
"*06yxd*","Rhys Chadwick","LEE","M","459","FA","@NOT Sat 10:00AM","0","0","0%","0%"
"*06v00*","Sam Chambers","LEE","M","460","FA","@NOT Sat 10:00AM","0","0","0%","0%"
"*06mg7*","Conor Chaplin","IPS","M","461","W <small>(Fri)</small>","SUN Sat 10:00AM","0","0","0%","0%"
"*05244*","Jack Clarke","IPS","M","462","W <small>(Fri)</small>","SUN Sat 10:00AM","0","0","0%","0%"
"*04t3n*","Bradley Collins","COV","G","463","W <small>(Fri)</small>","@ARS Fri 3:00PM","0","0","0%","0%"
"*06crn*","Toby Collyer","HUL","M","464","FA","MUN Sat 7:30AM","0","0","0%","0%"
"*076dg*","Lewie Coyle","HUL","D","465","W <small>(Fri)</small>","MUN Sat 7:30AM","0","0","0%","0%"
"*075zi*","Alfie Cresswell","LEE","M","466","FA","@NOT Sat 10:00AM","0","0","0%","0%"
"*06xzf*","Charlie Crew","LEE","M","467","FA","@NOT Sat 10:00AM","0","0","0%","0%"
"*076dn*","Matt Crooks","HUL","M","468","W <small>(Fri)</small>","MUN Sat 7:30AM","0","0","0%","0%"
"*072ga*","Malcom DaCosta","BOU","M","469","FA","@MCI Sun 9:00AM","0","0","0%","0%"
"*06klv*","Jayden Danns","LIV","F","470","FA","@NEW Sun 11:30AM","0","0","0%","0%"
"*05rfp*","Harvey Davies","LIV","G","471","FA","@NEW Sun 11:30AM","0","0","0%","0%"
"*05nil*","Leif Davis","IPS","D","472","W <small>(Fri)</small>","SUN Sat 10:00AM","0","0","0%","0%"
"*066nj*","James Debayo","HUL","D","473","W <small>(Fri)</small>","MUN Sat 7:30AM","0","0","0%","0%"
"*073ue*","Jaden Dixon","ARS","D","474","FA","COV Fri 3:00PM","0","0","0%","0%"
"*062ot*","Cheick Doucoure","CRY","M","475","FA","@EVE Sat 10:00AM","0","0","0%","0%"
"*076cw*","Oliver Dovin","COV","G","476","W <small>(Fri)</small>","@ARS Fri 3:00PM","0","0","0%","0%"
"*03m5h*","Kieran Dowell","HUL","M","477","W <small>(Fri)</small>","MUN Sat 7:30AM","0","0","0%","0%"
"*05roa*","Cody Drameh","HUL","D","478","W <small>(Fri)</small>","MUN Sat 7:30AM","0","0","0%","0%"
"*074vj*","Harrison Dudziak","ARS","M","479","FA","COV Fri 3:00PM","0","0","0%","0%"
"*075qp*","Mathis Eboue","CHE","M","480","FA","@FUL Mon 3:00PM","0","0","0%","0%"
"*076d6*","Josh Eccles","COV","M","481","W <small>(Fri)</small>","@ARS Fri 3:00PM","0","0","0%","0%"
"*02m5l*","John Egan","HUL","D","482","W <small>(Fri)</small>","MUN Sat 7:30AM","0","0","0%","0%"
"*076dx*","Sindre Egeli","IPS","M","483","W <small>(Fri)</small>","SUN Sat 10:00AM","0","0","0%","0%"
"*076kg*","Emmanuel Emegha","CHE","F","484","W <small>(Fri)</small>","@FUL Mon 3:00PM","0","0","0%","0%"
"*06shp*","Landon Emenalo","CHE","D","485","FA","@FUL Mon 3:00PM","0","0","0%","0%"
"*06on4*","Julian Eyestone","BRF","G","486","FA","TOT Sat 12:30PM","0","0","0%","0%"
"*059tu*","Akin Famewo","HUL","D","487","W <small>(Fri)</small>","MUN Sat 7:30AM","0","0","0%","0%"
"*072cf*","Keyrol Figueroa","LIV","F","488","FA","@NEW Sun 11:30AM","0","0","0%","0%"
"*06v0a*","Tyler Fletcher","MUN","M","489","FA","@HUL Sat 7:30AM","0","0","0%","0%"
"*02ltw*","Fraser Forster","BOU","G","490","FA","@MCI Sun 9:00AM","0","0","0%","0%"
"*064op*","Tyler Fredricson","MUN","D","491","FA","@HUL Sat 7:30AM","0","0","0%","0%"
"*03mga*","Darnell Furlong","IPS","D","492","W <small>(Fri)</small>","SUN Sat 10:00AM","0","0","0%","0%"
"*05vyf*","James Furlong","HUL","D","493","W <small>(Fri)</small>","MUN Sat 7:30AM","0","0","0%","0%"
"*072mp*","Kaye Furo","BRF","F","494","FA","TOT Sat 12:30PM","0","0","0%","0%"
"*05n3u*","Joe Gelhardt","HUL","F","495","FA","MUN Sat 7:30AM","0","0","0%","0%"
"*073vo*","Finn Geragusyan","SUN","F","496","FA","@IPS Sat 10:00AM","0","0","0%","0%"
"*04sjv*","Ryan Giles","HUL","D","497","W <small>(Fri)</small>","MUN Sat 7:30AM","0","0","0%","0%"
"*05n09*","Mark Gillespie","NEW","G","498","FA","LIV Sun 11:30AM","0","0","0%","0%"
"*05uhl*","Kaide Gordon","LIV","F","499","FA","@NEW Sun 11:30AM","0","0","0%","0%"
"*072iu*","Braiden Graham","EVE","F","500","FA","CRY Sat 10:00AM","0","0","0%","0%"
"*072ht*","Charlie Gray","MCI","M","501","FA","BOU Sun 9:00AM","0","0","0%","0%"
"*06msc*","Jacob Greaves","IPS","D","502","W <small>(Fri)</small>","SUN Sat 10:00AM","0","0","0%","0%"
"*03mfe*","Matt Grimes","COV","M","503","W <small>(Fri)</small>","@ARS Fri 3:00PM","0","0","0%","0%"
"*06exj*","Luca Gunter","TOT","G","504","FA","@BRF Sat 12:30PM","0","0","0%","0%"
"*062du*","Darko Gyabi","HUL","M","505","FA","MUN Sat 7:30AM","0","0","0%","0%"
"*076dm*","Amir Hadziahmetovic","HUL","M","506","W <small>(Fri)</small>","MUN Sat 7:30AM","0","0","0%","0%"
"*072x9*","Tye Hall","TOT","M","507","FA","@BRF Sat 12:30PM","0","0","0%","0%"
"*06qvv*","Malachi Hardy","TOT","D","508","FA","@BRF Sat 12:30PM","0","0","0%","0%"
"*06zbq*","Andre Harriman-Annous","ARS","F","509","FA","COV Fri 3:00PM","0","0","0%","0%"
"*06h1g*","Aidan Harris","NEW","G","510","FA","LIV Sun 11:30AM","0","0","0%","0%"
"*06ids*","Adam Harrison","NEW","G","511","FA","LIV Sun 11:30AM","0","0","0%","0%"
"*06kji*","Ollie Harrison","CHE","M","512","FA","@FUL Mon 3:00PM","0","0","0%","0%"
"*05rey*","Kaine Hayden","COV","D","513","W <small>(Fri)</small>","@ARS Fri 3:00PM","0","0","0%","0%"
"*03dwz*","Tom Heaton","MUN","G","514","FA","@HUL Sat 7:30AM","0","0","0%","0%"
"*05oz4*","Karl Hein","ARS","G","515","FA","COV Fri 3:00PM","0","0","0%","0%"
"*06zvn*","George Hemmings","AVL","M","516","FA","@BHA Sun 9:00AM","0","0","0%","0%"
"*06nlc*","Reigan Heskey","MCI","F","517","FA","BOU Sun 9:00AM","0","0","0%","0%"
"*076ds*","Yu Hirakawa","HUL","M","518","W <small>(Fri)</small>","MUN Sat 7:30AM","0","0","0%","0%"
"*05m47*","George Hirst","IPS","F","519","W <small>(Fri)</small>","SUN Sat 10:00AM","0","0","0%","0%"
"*06exb*","Rasmus Hojlund","MUN","F","520","FA","@HUL Sat 7:30AM","0","0","0%","0%"
"*0730i*","Charlie Holland","CHE","M","521","FA","@FUL Mon 3:00PM","0","0","0%","0%"
"*072gz*","Ronnie Hollingshead","AVL","G","522","FA","@BHA Sun 9:00AM","0","0","0%","0%"
"*076df*","Archie Howard","HUL","G","523","W <small>(Fri)</small>","MUN Sat 7:30AM","0","0","0%","0%"
"*05r2t*","Niall Huggins","SUN","D","524","FA","@IPS Sat 10:00AM","0","0","0%","0%"
"*076dh*","Charlie Hughes","HUL","D","525","W <small>(Fri)</small>","MUN Sat 7:30AM","0","0","0%","0%"
"*072x7*","Ife Ibrahim","ARS","M","526","FA","COV Fri 3:00PM","0","0","0%","0%"
"*0746j*","Jackson Izquierdo","CRY","G","527","FA","@EVE Sat 10:00AM","0","0","0%","0%"
"*076di*","Matty Jacob","HUL","D","528","W <small>(Fri)</small>","MUN Sat 7:30AM","0","0","0%","0%"
"*076ki*","Ewen Jaouen","NEW","G","529","W <small>(Fri)</small>","LIV Sun 11:30AM","0","0","0%","0%"
"*04mcg*","Ben Johnson","IPS","D","530","W <small>(Fri)</small>","SUN Sat 10:00AM","0","0","0%","0%"
"*06v0q*","Harrison Jones","SUN","M","531","FA","@IPS Sat 10:00AM","0","0","0%","0%"
"*070ep*","Jayden Jones","SUN","M","532","FA","@IPS Sat 10:00AM","0","0","0%","0%"
"*070eo*","Jenson Jones","SUN","M","533","FA","@IPS Sat 10:00AM","0","0","0%","0%"
"*076dt*","Kyle Joseph","HUL","F","534","W <small>(Fri)</small>","MUN Sat 7:30AM","0","0","0%","0%"
"*060u6*","Abu Kamara","HUL","D","535","W <small>(Fri)</small>","MUN Sat 7:30AM","0","0","0%","0%"
"*072b6*","Ryan Kavuma-McQueen","CHE","F","536","FA","@FUL Mon 3:00PM","0","0","0%","0%"
"*06ygl*","George King","CRY","D","537","FA","@EVE Sat 10:00AM","0","0","0%","0%"
"*06cmt*","Tom King","EVE","G","538","FA","CRY Sat 10:00AM","0","0","0%","0%"
"*05o6g*","Cedric Kipre","IPS","D","539","W <small>(Fri)</small>","SUN Sat 10:00AM","0","0","0%","0%"
"*076cz*","Liam Kitching","COV","D","540","W <small>(Fri)</small>","@ARS Fri 3:00PM","0","0","0%","0%"
"*073aa*","Mohamed Kone","AVL","M","541","FA","@BHA Sun 9:00AM","0","0","0%","0%"
"*06do4*","Louie Koumas","HUL","F","542","W <small>(Fri)</small>","MUN Sat 7:30AM","0","0","0%","0%"
"*06nvb*","Caleb Kporha","CRY","D","543","FA","@EVE Sat 10:00AM","0","0","0%","0%"
"*06qx6*","Godwill Kukonki","MUN","D","544","FA","@HUL Sat 7:30AM","0","0","0%","0%"
"*05ylx*","Dejan Kulusevski","TOT","M","545","FA","@BRF Sat 12:30PM","0","0","0%","0%"
"*06mgn*","Rio Kyerematen","TOT","M","546","FA","@BRF Sat 12:30PM","0","0","0%","0%"
"*06zrs*","Michael Laffey","LIV","M","547","FA","@NEW Sun 11:30AM","0","0","0%","0%"
"*04h87*","Joel Latibeaudiere","COV","D","548","W <small>(Fri)</small>","@ARS Fri 3:00PM","0","0","0%","0%"
"*06zbw*","Benjamin Lecomte","FUL","G","549","FA","CHE Mon 3:00PM","0","0","0%","0%"
"*0701y*","Giovanni Leoni","LIV","D","550","FA","@NEW Sun 11:30AM","0","0","0%","0%"
"*06yb8*","Diego Leon","MUN","D","551","FA","@HUL Sat 7:30AM","0","0","0%","0%"
"*075sh*","Jayden Lienou","LEE","D","552","FA","@NOT Sat 10:00AM","0","0","0%","0%"
"*076kd*","Costinha","BHA","D","553","W <small>(Fri)</small>","AVL Sun 9:00AM","0","0","0%","0%"
"*06zrq*","Wellity Lucky","LIV","D","554","FA","@NEW Sun 11:30AM","0","0","0%","0%"
"*0327p*","John Lundstram","HUL","M","555","W <small>(Fri)</small>","MUN Sat 7:30AM","0","0","0%","0%"
"*072mq*","Brian Madjo","AVL","F","556","FA","@BHA Sun 9:00AM","0","0","0%","0%"
"*072x6*","Christos Mandas","BOU","G","557","FA","@MCI Sun 9:00AM","0","0","0%","0%"
"*076dc*","Jahnoah Markelo","COV","M","558","W <small>(Fri)</small>","@ARS Fri 3:00PM","0","0","0%","0%"
"*06do1*","Zach Marsh","CRY","F","559","FA","@EVE Sat 10:00AM","0","0","0%","0%"
"*076d9*","Ephron Mason-Clark","COV","M","560","W <small>(Fri)</small>","@ARS Fri 3:00PM","0","0","0%","0%"
"*076dl*","Eliot Matazo","HUL","M","561","W <small>(Fri)</small>","MUN Sat 7:30AM","0","0","0%","0%"
"*05ubh*","Remi Matthews","CRY","G","562","FA","@EVE Sat 10:00AM","0","0","0%","0%"
"*076du*","Azor Matusiwa","IPS","M","563","W <small>(Fri)</small>","SUN Sat 10:00AM","0","0","0%","0%"
"*0722t*","Ryan McAidoo","MCI","F","564","FA","BOU Sun 9:00AM","0","0","0%","0%"
"*05y55*","Kasey McAteer","IPS","M","565","W <small>(Fri)</small>","SUN Sat 10:00AM","0","0","0%","0%"
"*0477b*","Oliver McBurnie","HUL","F","566","W <small>(Fri)</small>","MUN Sat 7:30AM","0","0","0%","0%"
"*076dk*","Cathal McCarthy","HUL","D","567","W <small>(Fri)</small>","MUN Sat 7:30AM","0","0","0%","0%"
"*06do3*","James McConnell","LIV","M","568","FA","@NEW Sun 11:30AM","0","0","0%","0%"
"*05rbn*","Thomas McGill","BHA","G","569","FA","AVL Sun 9:00AM","0","0","0%","0%"
"*06mwx*","Conor McManus","BRF","M","570","FA","TOT Sat 12:30PM","0","0","0%","0%"
"*03jlw*","Paddy McNair","HUL","D","571","W <small>(Fri)</small>","MUN Sat 7:30AM","0","0","0%","0%"
"*072jc*","Alfie McNally","FUL","G","572","FA","CHE Mon 3:00PM","0","0","0%","0%"
"*076dw*","Anis Mehmeti","IPS","M","573","W <small>(Fri)</small>","SUN Sat 10:00AM","0","0","0%","0%"
"*06jfh*","Max Merrick","CHE","G","574","FA","@FUL Mon 3:00PM","0","0","0%","0%"
"*05mzt*","Illan Meslier","ARS","G","575","FA","COV Fri 3:00PM","0","0","0%","0%"
"*06qgn*","Shumaira Mheuka","CHE","F","576","FA","@FUL Mon 3:00PM","0","0","0%","0%"
"*052h1*","Liam Millar","HUL","M","577","W <small>(Fri)</small>","MUN Sat 7:30AM","0","0","0%","0%"
"*06zby*","Kornel Misciur","LIV","G","578","FA","@NEW Sun 11:30AM","0","0","0%","0%"
"*033l8*","Simon Moore","SUN","G","579","FA","@IPS Sat 10:00AM","0","0","0%","0%"
"*06roi*","Jack Moorhouse","MUN","M","580","FA","@HUL Sat 7:30AM","0","0","0%","0%"
"*06rkq*","Kieran Morrison","LIV","M","581","FA","@NEW Sun 11:30AM","0","0","0%","0%"
"*068a1*","Mykhailo Mudryk","CHE","M","582","FA","@FUL Mon 3:00PM","0","0","0%","0%"
"*076qy*","George Munday","BHA","F","583","W <small>(Fri)</small>","AVL Sun 9:00AM","0","0","0%","0%"
"*04gw6*","Arijanet Muric","IPS","G","584","W <small>(Fri)</small>","SUN Sat 10:00AM","0","0","0%","0%"
"*076qg*","Victor Munoz","LIV","F","585","W <small>(Fri)</small>","@NEW Sun 11:30AM","0","0","0%","0%"
"*06kud*","Amara Nallo","LIV","D","586","FA","@NEW Sun 11:30AM","0","0","0%","0%"
"*06nby*","Joel Ndala","MCI","F","587","W <small>(Fri)</small>","BOU Sun 9:00AM","0","0","0%","0%"
"*075kd*","Talla Ndiaye","LIV","D","588","FA","@NEW Sun 11:30AM","0","0","0%","0%"
"*06nk3*","Josh Nichols","ARS","D","589","FA","COV Fri 3:00PM","0","0","0%","0%"
"*072p2*","Kian Noble","MCI","D","590","FA","BOU Sun 9:00AM","0","0","0%","0%"
"*06ys4*","Sverre Nypan","MCI","M","591","FA","BOU Sun 9:00AM","0","0","0%","0%"
"*076dv*","Marcelino Nunez","IPS","M","592","W <small>(Fri)</small>","SUN Sat 10:00AM","0","0","0%","0%"
"*04gpx*","Dara O'Shea","IPS","D","593","W <small>(Fri)</small>","SUN Sat 10:00AM","0","0","0%","0%"
"*0722r*","Rhys Oakley","AVL","G","594","FA","@BHA Sun 9:00AM","0","0","0%","0%"
"*06roj*","Chido Obi-Martin","MUN","F","595","FA","@HUL Sat 7:30AM","0","0","0%","0%"
"*072lp*","Malik Olayiwola","EVE","M","596","FA","CRY Sat 10:00AM","0","0","0%","0%"
"*06qq8*","Callum Olusesi","TOT","M","597","FA","@BRF Sat 12:30PM","0","0","0%","0%"
"*05r93*","Tyler Onyango","EVE","M","598","FA","CRY Sat 10:00AM","0","0","0%","0%"
"*072at*","Nehemiah Oriola","BHA","F","599","FA","AVL Sun 9:00AM","0","0","0%","0%"
"*06mwu*","Riley Owen","BRF","M","600","FA","TOT Sat 12:30PM","0","0","0%","0%"
"*073ac*","Ceadach O'Neill","ARS","F","601","FA","COV Fri 3:00PM","0","0","0%","0%"
"*03p9y*","Alex Palmer","IPS","G","602","W <small>(Fri)</small>","SUN Sat 10:00AM","0","0","0%","0%"
"*076dd*","Ivor Pandur","HUL","G","603","W <small>(Fri)</small>","MUN Sat 7:30AM","0","0","0%","0%"
"*06zc0*","Seung-Soo Park","NEW","F","604","FA","LIV Sun 11:30AM","0","0","0%","0%"
"*076de*","Dillon Phillips","HUL","G","605","W <small>(Fri)</small>","MUN Sat 7:30AM","0","0","0%","0%"
"*05rff*","Jaden Philogene","IPS","M","606","W <small>(Fri)</small>","SUN Sat 10:00AM","0","0","0%","0%"
"*06yjz*","Tommy Pilling","LIV","M","607","FA","@NEW Sun 11:30AM","0","0","0%","0%"
"*06ppi*","Jack Porter","ARS","G","608","FA","COV Fri 3:00PM","0","0","0%","0%"
"*06ie2*","Sam Proctor","AVL","G","609","FA","@BHA Sun 9:00AM","0","0","0%","0%"
"*06v04*","Armin Pecsi","LIV","G","610","FA","@NEW Sun 11:30AM","0","0","0%","0%"
"*072cd*","Nils Ramming","BHA","G","611","FA","AVL Sun 9:00AM","0","0","0%","0%"
"*061z5*","Calvin Ramsay","LIV","D","612","FA","@NEW Sun 11:30AM","0","0","0%","0%"
"*073y1*","Khari Ranson","ARS","G","613","FA","COV Fri 3:00PM","0","0","0%","0%"
"*06r3w*","Remy Rees-Dottin","BOU","F","614","FA","@MCI Sun 9:00AM","0","0","0%","0%"
"*072cb*","Seth Ridgeon","FUL","M","615","FA","CHE Mon 3:00PM","0","0","0%","0%"
"*062oi*","Kaden Rodney","CRY","M","616","FA","@EVE Sat 10:00AM","0","0","0%","0%"
"*06nk2*","Alexei Rojas Fedorushchenko","ARS","G","617","FA","COV Fri 3:00PM","0","0","0%","0%"
"*072i1*","Leon Routh","AVL","D","618","FA","@BHA Sun 9:00AM","0","0","0%","0%"
"*06zc5*","James Rowswell","TOT","D","619","FA","@BRF Sat 12:30PM","0","0","0%","0%"
"*02m3v*","John Ruddy","NEW","G","620","FA","LIV Sun 11:30AM","0","0","0%","0%"
"*076d3*","Jack Rudoni","COV","M","621","W <small>(Fri)</small>","@ARS Fri 3:00PM","0","0","0%","0%"
"*062ct*","Carl Rushworth","COV","G","622","W <small>(Fri)</small>","@ARS Fri 3:00PM","0","0","0%","0%"
"*076d4*","Tatsuhiro Sakamoto","COV","M","623","W <small>(Fri)</small>","@ARS Fri 3:00PM","0","0","0%","0%"
"*06zbn*","Marli Salmon","ARS","D","624","FA","COV Fri 3:00PM","0","0","0%","0%"
"*073ab*","Floyd Samba","MCI","M","625","FA","BOU Sun 9:00AM","0","0","0%","0%"
"*072p3*","Tyrone Samba","MCI","F","626","FA","BOU Sun 9:00AM","0","0","0%","0%"
"*076kc*","Jannik Schuster","BRF","D","627","W <small>(Fri)</small>","TOT Sat 12:30PM","0","0","0%","0%"
"*06nk0*","Tommy Setford","ARS","G","628","FA","COV Fri 3:00PM","0","0","0%","0%"
"*06on5*","Leo Shahar","NEW","D","629","FA","LIV Sun 11:30AM","0","0","0%","0%"
"*05xtr*","Teddy Sharman-Lowe","CHE","G","630","FA","@FUL Mon 3:00PM","0","0","0%","0%"
"*076d8*","George Shepherd","COV","M","631","W <small>(Fri)</small>","@ARS Fri 3:00PM","0","0","0%","0%"
"*073b0*","Ollie Shield","BRF","D","632","FA","TOT Sat 12:30PM","0","0","0%","0%"
"*07659*","Lamin Sillah","NOT","F","633","FA","LEE Sat 10:00AM","0","0","0%","0%"
"*06s7r*","Freddie Simmonds","BHA","D","634","FA","AVL Sun 9:00AM","0","0","0%","0%"
"*05m9r*","Ellis Simms","COV","F","635","W <small>(Fri)</small>","@ARS Fri 3:00PM","0","0","0%","0%"
"*0700r*","Jimmy Sinclair","NOT","M","636","FA","LEE Sat 10:00AM","0","0","0%","0%"
"*062h9*","Luis Sinisterra","BOU","F","637","FA","@MCI Sun 9:00AM","0","0","0%","0%"
"*05o2p*","Regan Slater","HUL","M","638","W <small>(Fri)</small>","MUN Sat 7:30AM","0","0","0%","0%"
"*063c2*","Gabriel Slonina","CHE","G","639","FA","@FUL Mon 3:00PM","0","0","0%","0%"
"*06r7f*","Julio Soler","BOU","D","640","FA","@MCI Sun 9:00AM","0","0","0%","0%"
"*04rha*","Jason Steele","BHA","G","641","FA","AVL Sun 9:00AM","0","0","0%","0%"
"*06zqi*","Joshua Stephenson","BRF","D","642","FA","TOT Sat 12:30PM","0","0","0%","0%"
"*072p7*","Charlie Stevens","BOU","M","643","FA","@MCI Sun 9:00AM","0","0","0%","0%"
"*0372y*","Matt Targett","NEW","D","644","FA","LIV Sun 11:30AM","0","0","0%","0%"
"*06rwp*","Charlie Tasker","BHA","D","645","FA","AVL Sun 9:00AM","0","0","0%","0%"
"*06mg2*","Jack Taylor","IPS","M","646","W <small>(Fri)</small>","SUN Sat 10:00AM","0","0","0%","0%"
"*076kf*","Geovany Quenda","CHE","M","647","W <small>(Fri)</small>","@FUL Mon 3:00PM","0","0","0%","0%"
"*05l2z*","Bobby Thomas","COV","D","648","W <small>(Fri)</small>","@ARS Fri 3:00PM","0","0","0%","0%"
"*076db*","Brandon Thomas-Asante","COV","F","649","W <small>(Fri)</small>","@ARS Fri 3:00PM","0","0","0%","0%"
"*072dy*","Jack Thompson","NOT","D","650","FA","LEE Sat 10:00AM","0","0","0%","0%"
"*06zeg*","Max Thompson","NEW","G","651","FA","LIV Sun 11:30AM","0","0","0%","0%"
"*06zc8*","Tynan Thompson","TOT","F","652","FA","@BRF Sat 12:30PM","0","0","0%","0%"
"*06v0b*","Jim Thwaites","MUN","M","653","FA","@HUL Sat 7:30AM","0","0","0%","0%"
"*076dp*","Nathan Tinsdale","HUL","M","654","W <small>(Fri)</small>","MUN Sat 7:30AM","0","0","0%","0%"
"*076d7*","Victor Torp","COV","M","655","W <small>(Fri)</small>","@ARS Fri 3:00PM","0","0","0%","0%"
"*03297*","Conor Townsend","IPS","D","656","W <small>(Fri)</small>","SUN Sat 10:00AM","0","0","0%","0%"
"*04vy4*","Mark Travers","EVE","G","657","FA","CRY Sat 10:00AM","0","0","0%","0%"
"*0643w*","Ryan Trevitt","BRF","M","658","FA","TOT Sat 12:30PM","0","0","0%","0%"
"*076cy*","Oscar Varney","COV","G","659","W <small>(Fri)</small>","@ARS Fri 3:00PM","0","0","0%","0%"
"*076kh*","Harry Vaughan","HUL","M","660","W <small>(Fri)</small>","MUN Sat 7:30AM","0","0","0%","0%"
"*06rrq*","Reggie Walsh","CHE","M","661","FA","@FUL Mon 3:00PM","0","0","0%","0%"
"*04fjz*","Christian Walton","IPS","G","662","W <small>(Fri)</small>","SUN Sat 10:00AM","0","0","0%","0%"
"*056ir*","Adam Webster","BHA","D","663","FA","AVL Sun 9:00AM","0","0","0%","0%"
"*05rka*","Reece Welch","EVE","D","664","FA","CRY Sat 10:00AM","0","0","0%","0%"
"*0700q*","Archie Whitehall","NOT","M","665","FA","LEE Sat 10:00AM","0","0","0%","0%"
"*070eq*","Jack Whittaker","SUN","M","666","FA","@IPS Sat 10:00AM","0","0","0%","0%"
"*05oji*","Rhys Williams","LIV","D","667","FA","@NEW Sun 11:30AM","0","0","0%","0%"
"*06qq9*","Luca Williams-Barnett","TOT","M","668","FA","@BRF Sat 12:30PM","0","0","0%","0%"
"*06617*","Keehan Willows","NOT","G","669","FA","LEE Sat 10:00AM","0","0","0%","0%"
"*076cx*","Ben Wilson","COV","G","670","W <small>(Fri)</small>","@ARS Fri 3:00PM","0","0","0%","0%"
"*073k1*","James Wilson","TOT","F","671","FA","@BRF Sat 12:30PM","0","0","0%","0%"
"*06mfy*","Luke Woolfenden","COV","D","672","W <small>(Fri)</small>","@ARS Fri 3:00PM","0","0","0%","0%"
"*076da*","Haji Wright","COV","F","673","W <small>(Fri)</small>","@ARS Fri 3:00PM","0","0","0%","0%"
"*06avm*","James Wright","AVL","G","674","FA","@BHA Sun 9:00AM","0","0","0%","0%"
"*06zrt*","Will Wright","LIV","F","675","FA","@NEW Sun 11:30AM","0","0","0%","0%"
"*06r5d*","Min-Hyeok Yang","COV","M","676","FA","@ARS Fri 3:00PM","0","0","0%","0%"
"*076ke*","Zadok Yohanna","BHA","F","677","W <small>(Fri)</small>","AVL Sun 9:00AM","0","0","0%","0%"
"*02lny*","Ashley Young","IPS","D","678","W <small>(Fri)</small>","SUN Sat 10:00AM","0","0","0%","0%"
"*06mnd*","Eric da Silva Moreira","NOT","F","679","FA","LEE Sat 10:00AM","0","0","0%","0%"
"*03fgl*","Jay da Silva","COV","D","680","W <small>(Fri)</small>","@ARS Fri 3:00PM","0","0","0%","0%"
"*076d0*","Milan van Ewijk","COV","D","681","W <small>(Fri)</small>","@ARS Fri 3:00PM","0","0","0%","0%"
"*05746*","Emil Krafth","NEW","D","682","FA","LIV Sun 11:30AM","-0.5","-0.5","0%","0%"
"*06rnn*","Sean Neave","NEW","F","683","FA","LIV Sun 11:30AM","-0.5","-0.5","0%","0%"
"*06jfe*","Hakon Valdimarsson","BRF","G","684","FA","TOT Sat 12:30PM","-4","-4","0%","0%"
